{
    "rmse": 0.6993404989197636,
    "mae": 0.5584491984560104,
    "r2": 0.25529990437009276
}